"source_id","timestamp","api_time","apparent_temperature","latitude","longitude","precipitation","temp_gap_f","temperature_2m","wind_speed_10m"
"charleston-weather","2026-04-06T22:33:42Z","2026-04-06T22:30","60.5","32.762573","'-79.83892","0","4.9","65.4","12.8"
"charleston-weather","2026-04-06T22:33:43Z","2026-04-06T22:30","60.5","32.762573","'-79.83892","0","4.9","65.4","12.8"
"charleston-weather","2026-04-06T22:33:51Z","2026-04-06T22:30","60.5","32.762573","'-79.83892","0","4.9","65.4","12.8"
"charleston-weather","2026-04-06T22:40:05Z","2026-04-06T22:30","60.5","32.762573","'-79.83892","0","4.9","65.4","12.8"
"charleston-weather","2026-04-06T22:50:05Z","2026-04-06T22:45","60.2","32.762573","'-79.83892","0","4.8","65","12.5"
"charleston-weather","2026-04-06T23:00:17Z","2026-04-06T23:00","59.6","32.762573","'-79.83892","0","4.8","64.4","12.4"
"charleston-weather","2026-04-06T23:10:05Z","2026-04-06T23:00","59.6","32.762573","'-79.83892","0","4.8","64.4","12.4"
"charleston-weather","2026-04-06T23:20:05Z","2026-04-06T23:15","59.1","32.762573","'-79.83892","0","4.8","63.9","11.4"
"charleston-weather","2026-04-06T23:30:06Z","2026-04-06T23:30","57.5","32.762573","'-79.83892","0","5.1","62.6","11.2"
"charleston-weather","2026-04-06T23:40:05Z","2026-04-06T23:30","57.7","32.762573","'-79.83892","0","4.9","62.6","11.2"
"charleston-weather","2026-04-06T23:50:05Z","2026-04-06T23:45","57.2","32.762573","'-79.83892","0","4.9","62.1","11"
"charleston-weather","2026-04-07T00:00:13Z","2026-04-07T00:00","56.4","32.762573","'-79.83892","0","4.8","61.2","10.1"
"charleston-weather","2026-04-07T00:10:05Z","2026-04-07T00:00","56.4","32.762573","'-79.83892","0","4.8","61.2","10.1"
"charleston-weather","2026-04-07T00:20:05Z","2026-04-07T00:15","56.1","32.762573","'-79.83892","0","5","61.1","10.7"
"charleston-weather","2026-04-07T00:30:12Z","2026-04-07T00:30","56.1","32.762573","'-79.83892","0","4.3","60.4","7.9"
"charleston-weather","2026-04-07T00:40:14Z","2026-04-07T00:30","56.9","32.762573","'-79.83892","0","3.5","60.4","7.9"
"charleston-weather","2026-04-07T00:50:05Z","2026-04-07T00:45","57","32.762573","'-79.83892","0","3.4","60.4","7.4"
"charleston-weather","2026-04-07T01:00:13Z","2026-04-07T01:00","56.7","32.762573","'-79.83892","0","3.4","60.1","7.8"
"charleston-weather","2026-04-07T01:10:05Z","2026-04-07T01:00","56.7","32.762573","'-79.83892","0","3.4","60.1","7.8"
"charleston-weather","2026-04-07T01:20:05Z","2026-04-07T01:15","56.9","32.762573","'-79.83892","0","2.7","59.6","4.8"
"charleston-weather","2026-04-07T01:30:27Z","2026-04-07T01:30","55.5","32.762573","'-79.83892","0","4","59.5","10"
"charleston-weather","2026-04-07T01:40:05Z","2026-04-07T01:30","55.5","32.762573","'-79.83892","0","4","59.5","10"
"charleston-weather","2026-04-07T01:50:05Z","2026-04-07T01:45","55","32.762573","'-79.83892","0","4.4","59.4","11.2"
"charleston-weather","2026-04-07T02:00:16Z","2026-04-07T02:00","54.1","32.762573","'-79.83892","0","4.9","59","11.5"
"charleston-weather","2026-04-07T02:10:05Z","2026-04-07T02:00","54.1","32.762573","'-79.83892","0","4.9","59","11.5"
"charleston-weather","2026-04-07T02:20:05Z","2026-04-07T02:15","54.4","32.762573","'-79.83892","0","4.4","58.8","10"
"charleston-weather","2026-04-07T02:30:09Z","2026-04-07T02:30","54.3","32.762573","'-79.83892","0","4.4","58.7","10.3"
"charleston-weather","2026-04-07T02:40:05Z","2026-04-07T02:30","54.8","32.762573","'-79.83892","0","3.9","58.7","10.3"
"charleston-weather","2026-04-07T02:50:05Z","2026-04-07T02:45","53.8","32.762573","'-79.83892","0","4.4","58.2","12.4"
"charleston-weather","2026-04-07T03:00:16Z","2026-04-07T03:00","54","32.762573","'-79.83892","0","3.8","57.8","10"
"charleston-weather","2026-04-07T03:10:06Z","2026-04-07T03:00","54","32.762573","'-79.83892","0","3.8","57.8","10"
"charleston-weather","2026-04-07T03:20:28Z","2026-04-07T03:15","53.7","32.762573","'-79.83892","0","3.4","57.1","8.7"
"charleston-weather","2026-04-07T03:30:08Z","2026-04-07T03:30","54.5","32.762573","'-79.83892","0","3.3","57.8","9"
"charleston-weather","2026-04-07T03:40:06Z","2026-04-07T03:30","54.6","32.762573","'-79.83892","0","3.2","57.8","9.7"
"charleston-weather","2026-04-07T03:50:05Z","2026-04-07T03:45","54.4","32.762573","'-79.83892","0","3.5","57.9","11.1"
"charleston-weather","2026-04-07T08:46:03Z","2026-04-07T08:45","49.8","32.762573","'-79.83892","0","3.9","53.7","12.9"
"charleston-weather","2026-04-07T10:16:59Z","2026-04-07T10:15","48.6","32.762573","'-79.83892","0","4.8","53.4","13.7"
"charleston-weather","2026-04-07T10:20:15Z","2026-04-07T10:15","48.6","32.762573","'-79.83892","0","4.8","53.4","13.7"
"charleston-weather","2026-04-07T10:31:04Z","2026-04-07T10:30","49.7","32.762573","'-79.83892","0","4.8","54.5","14.3"
"charleston-weather","2026-04-07T10:40:11Z","2026-04-07T10:30","50.4","32.762573","'-79.83892","0","4.1","54.5","14.3"
"charleston-weather","2026-04-07T10:50:18Z","2026-04-07T10:45","50.6","32.762573","'-79.83892","0","4.2","54.8","15"
"charleston-weather","2026-04-07T11:40:04Z","2026-04-07T11:30","52.6","32.762573","'-79.83892","0","3.3","55.9","14.6"
"charleston-weather","2026-04-07T11:50:06Z","2026-04-07T11:45","52.8","32.762573","'-79.83892","0","3.5","56.3","15.6"
"charleston-weather","2026-04-07T12:00:15Z","2026-04-07T12:00","53.6","32.762573","'-79.83892","0","3.4","57","15.7"
"charleston-weather","2026-04-07T12:10:06Z","2026-04-07T12:00","53.6","32.762573","'-79.83892","0","3.4","57","15.7"
"charleston-weather","2026-04-07T12:20:06Z","2026-04-07T12:15","54.2","32.762573","'-79.83892","0","3.3","57.5","15"
"charleston-weather","2026-04-07T12:30:17Z","2026-04-07T12:30","55.6","32.762573","'-79.83892","0","3.2","58.8","15.4"
"charleston-weather","2026-04-07T12:40:06Z","2026-04-07T12:30","55.6","32.762573","'-79.83892","0","3.2","58.8","16.1"
"charleston-weather","2026-04-07T12:50:06Z","2026-04-07T12:45","56.1","32.762573","'-79.83892","0","3.5","59.6","17.6"
"charleston-weather","2026-04-07T13:00:13Z","2026-04-07T13:00","56.7","32.762573","'-79.83892","0","3.7","60.4","17.9"
"charleston-weather","2026-04-07T13:10:05Z","2026-04-07T13:00","56.7","32.762573","'-79.83892","0","3.7","60.4","17.9"
"charleston-weather","2026-04-07T13:20:06Z","2026-04-07T13:15","57.3","32.762573","'-79.83892","0","3.9","61.2","18.6"
"charleston-weather","2026-04-07T13:30:12Z","2026-04-07T13:30","57.5","32.762573","'-79.83892","0","4.1","61.6","18.6"
"charleston-weather","2026-04-07T13:40:05Z","2026-04-07T13:30","57.5","32.762573","'-79.83892","0","4.1","61.6","18.6"
"charleston-weather","2026-04-07T13:50:16Z","2026-04-07T13:45","58.8","32.762573","'-79.83892","0","4.5","63.3","20.2"
"charleston-weather","2026-04-07T14:00:09Z","2026-04-07T14:00","58.9","32.762573","'-79.83892","0","5","63.9","20.6"
"charleston-weather","2026-04-07T14:10:05Z","2026-04-07T14:00","58.9","32.762573","'-79.83892","0","5","63.9","20.6"
"charleston-weather","2026-04-07T14:20:05Z","2026-04-07T14:15","59.3","32.762573","'-79.83892","0","5.2","64.5","21.4"
"charleston-weather","2026-04-07T14:30:06Z","2026-04-07T14:30","60.7","32.762573","'-79.83892","0","4.5","65.2","18.6"
"charleston-weather","2026-04-07T14:40:06Z","2026-04-07T14:30","59.9","32.762573","'-79.83892","0","5.3","65.2","18.6"
"charleston-weather","2026-04-07T14:50:15Z","2026-04-07T14:45","60.3","32.762573","'-79.83892","0","6","66.3","20.6"
"charleston-weather","2026-04-07T15:00:18Z","2026-04-07T15:00","59.9","32.762573","'-79.83892","0","6.4","66.3","21.4"
"charleston-weather","2026-04-07T15:10:05Z","2026-04-07T15:00","59.9","32.762573","'-79.83892","0","6.4","66.3","21.4"
"charleston-weather","2026-04-07T15:20:05Z","2026-04-07T15:15","61.2","32.762573","'-79.83892","0","6","67.2","21.9"
"charleston-weather","2026-04-07T15:30:06Z","2026-04-07T15:30","63.9","32.762573","'-79.83892","0","4.4","68.3","20.7"
"charleston-weather","2026-04-07T15:40:05Z","2026-04-07T15:30","63.9","32.762573","'-79.83892","0","4.4","68.3","20.7"
"charleston-weather","2026-04-07T15:50:05Z","2026-04-07T15:45","63.2","32.762573","'-79.83892","0","5.4","68.6","21.4"
"charleston-weather","2026-04-07T16:00:09Z","2026-04-07T16:00","64.2","32.762573","'-79.83892","0","4.9","69.1","22.5"
"charleston-weather","2026-04-07T16:10:06Z","2026-04-07T16:00","64.2","32.762573","'-79.83892","0","4.9","69.1","22.5"
"charleston-weather","2026-04-07T16:20:05Z","2026-04-07T16:15","64.3","32.762573","'-79.83892","0","5.1","69.4","23.6"
"charleston-weather","2026-04-07T16:30:06Z","2026-04-07T16:30","66.3","32.762573","'-79.83892","0","4.2","70.5","23.2"
"charleston-weather","2026-04-07T16:40:06Z","2026-04-07T16:30","65.6","32.762573","'-79.83892","0","4.9","70.5","23.2"
"charleston-weather","2026-04-07T16:50:06Z","2026-04-07T16:45","65.7","32.762573","'-79.83892","0","5.2","70.9","24.5"
"charleston-weather","2026-04-07T17:00:14Z","2026-04-07T17:00","65.6","32.762573","'-79.83892","0","5.7","71.3","25.8"
"charleston-weather","2026-04-07T17:10:12Z","2026-04-07T17:00","65.6","32.762573","'-79.83892","0","5.7","71.3","25.8"
"charleston-weather","2026-04-07T17:20:06Z","2026-04-07T17:15","64.8","32.762573","'-79.83892","0","6.6","71.4","27"
"charleston-weather","2026-04-07T17:30:06Z","2026-04-07T17:30","62.4","32.762573","'-79.83892","0","9.3","71.7","27.2"
"charleston-weather","2026-04-07T17:40:06Z","2026-04-07T17:30","62.4","32.762573","'-79.83892","0","9","71.4","25.2"
"charleston-weather","2026-04-07T17:50:05Z","2026-04-07T17:45","66.2","32.762573","'-79.83892","0","6.7","72.9","26.2"
"charleston-weather","2026-04-07T18:00:15Z","2026-04-07T18:00","65.3","32.762573","'-79.83892","0","7.1","72.4","26.7"
"charleston-weather","2026-04-07T18:10:06Z","2026-04-07T18:00","65.3","32.762573","'-79.83892","0","7.1","72.4","26.7"
"charleston-weather","2026-04-07T18:20:05Z","2026-04-07T18:15","63.5","32.762573","'-79.83892","0","7.8","71.3","27.2"
"charleston-weather","2026-04-07T18:30:06Z","2026-04-07T18:30","65.6","32.762573","'-79.83892","0","6.7","72.3","27.6"
"charleston-weather","2026-04-07T18:40:05Z","2026-04-07T18:30","64.9","32.762573","'-79.83892","0","7.4","72.3","24.7"
"charleston-weather","2026-04-07T18:50:05Z","2026-04-07T18:45","64.3","32.762573","'-79.83892","0","7.9","72.2","24.9"
"charleston-weather","2026-04-07T19:00:11Z","2026-04-07T19:00","64.2","32.762573","'-79.83892","0","8.1","72.3","24.7"
"charleston-weather","2026-04-07T19:10:05Z","2026-04-07T19:00","64.2","32.762573","'-79.83892","0","8.1","72.3","24.7"
"charleston-weather","2026-04-07T19:20:05Z","2026-04-07T19:15","64","32.762573","'-79.83892","0","8.3","72.3","25.3"
"charleston-weather","2026-04-07T19:30:06Z","2026-04-07T19:30","64.5","32.762573","'-79.83892","0","7.8","72.3","21.9"
"charleston-weather","2026-04-07T19:40:05Z","2026-04-07T19:30","64.5","32.762573","'-79.83892","0","7.8","72.3","21.9"
"charleston-weather","2026-04-07T19:50:05Z","2026-04-07T19:45","62.8","32.762573","'-79.83892","0","8.8","71.6","22.7"
"charleston-weather","2026-04-07T20:00:13Z","2026-04-07T20:00","62.3","32.762573","'-79.83892","0","8.1","70.4","25"
"charleston-weather","2026-04-07T20:10:06Z","2026-04-07T20:00","62.3","32.762573","'-79.83892","0","8.1","70.4","25"
"charleston-weather","2026-04-07T20:20:05Z","2026-04-07T20:15","60.4","32.762573","'-79.83892","0","8.9","69.3","26.9"
"charleston-weather","2026-04-07T20:30:06Z","2026-04-07T20:30","60.1","32.762573","'-79.83892","0","9.1","69.2","26.9"
"charleston-weather","2026-04-07T20:40:05Z","2026-04-07T20:30","61.6","32.762573","'-79.83892","0","8.7","70.3","24.2"
"charleston-weather","2026-04-07T20:50:05Z","2026-04-07T20:45","62.2","32.762573","'-79.83892","0","8","70.2","23.3"
"charleston-weather","2026-04-07T21:00:07Z","2026-04-07T21:00","61.9","32.762573","'-79.83892","0","7.9","69.8","23.5"
"charleston-weather","2026-04-07T21:10:05Z","2026-04-07T21:00","61.9","32.762573","'-79.83892","0","7.9","69.8","23.5"
"charleston-weather","2026-04-07T21:20:08Z","2026-04-07T21:15","61.2","32.762573","'-79.83892","0","8.3","69.5","25.1"
"charleston-weather","2026-04-07T21:30:06Z","2026-04-07T21:30","60.8","32.762573","'-79.83892","0","8.9","69.7","26.7"
"charleston-weather","2026-04-07T21:40:05Z","2026-04-07T21:30","61.6","32.762573","'-79.83892","0","8.1","69.7","22.5"
"charleston-weather","2026-04-07T21:50:05Z","2026-04-07T21:45","61.4","32.762573","'-79.83892","0","8.1","69.5","21.9"
"charleston-weather","2026-04-07T22:00:29Z","2026-04-07T22:00","61.3","32.762573","'-79.83892","0","7.8","69.1","20.9"
"charleston-weather","2026-04-07T22:10:05Z","2026-04-07T22:00","61.3","32.762573","'-79.83892","0","7.8","69.1","20.9"
"charleston-weather","2026-04-07T22:20:05Z","2026-04-07T22:15","61.4","32.762573","'-79.83892","0","7.4","68.8","19.9"
"charleston-weather","2026-04-07T22:30:06Z","2026-04-07T22:30","61.6","32.762573","'-79.83892","0","6.9","68.5","18.5"
"charleston-weather","2026-04-07T22:40:05Z","2026-04-07T22:30","61.5","32.762573","'-79.83892","0","7","68.5","18.5"
"charleston-weather","2026-04-07T22:50:05Z","2026-04-07T22:45","61.7","32.762573","'-79.83892","0","6.4","68.1","17.1"
"charleston-weather","2026-04-07T23:00:18Z","2026-04-07T23:00","61","32.762573","'-79.83892","0","6","67","16"
"charleston-weather","2026-04-07T23:10:05Z","2026-04-07T23:00","61","32.762573","'-79.83892","0","6","67","16"
"charleston-weather","2026-04-07T23:20:05Z","2026-04-07T23:15","60.5","32.762573","'-79.83892","0","5.4","65.9","14.5"
"charleston-weather","2026-04-07T23:30:06Z","2026-04-07T23:30","59.4","32.762573","'-79.83892","0","5.6","65","16.8"
"charleston-weather","2026-04-07T23:40:05Z","2026-04-07T23:30","58.8","32.762573","'-79.83892","0","6.2","65","16.8"
"charleston-weather","2026-04-07T23:50:05Z","2026-04-07T23:45","58.2","32.762573","'-79.83892","0","5.9","64.1","16.3"
"charleston-weather","2026-04-08T00:00:18Z","2026-04-08T00:00","57.7","32.762573","'-79.83892","0","5.5","63.2","15.6"
"charleston-weather","2026-04-08T00:10:05Z","2026-04-08T00:00","57.7","32.762573","'-79.83892","0","5.5","63.2","15.6"
"charleston-weather","2026-04-08T00:20:05Z","2026-04-08T00:15","57.4","32.762573","'-79.83892","0","5.2","62.6","14.8"
"charleston-weather","2026-04-08T00:30:07Z","2026-04-08T00:30","57.2","32.762573","'-79.83892","0","5.1","62.3","14.4"
"charleston-weather","2026-04-08T00:40:05Z","2026-04-08T00:30","56.4","32.762573","'-79.83892","0","6.3","62.7","15.7"
"charleston-weather","2026-04-08T00:50:05Z","2026-04-08T00:45","55.9","32.762573","'-79.83892","0","6.3","62.2","16.1"
"charleston-weather","2026-04-08T01:00:17Z","2026-04-08T01:00","55.6","32.762573","'-79.83892","0","6.2","61.8","16.1"
"charleston-weather","2026-04-08T01:10:05Z","2026-04-08T01:00","55.6","32.762573","'-79.83892","0","6.2","61.8","16.1"
"charleston-weather","2026-04-08T01:20:05Z","2026-04-08T01:15","55.7","32.762573","'-79.83892","0","5.7","61.4","14.9"
"charleston-weather","2026-04-08T01:30:06Z","2026-04-08T01:30","55.7","32.762573","'-79.83892","0","5.2","60.9","13.8"
"charleston-weather","2026-04-08T01:40:05Z","2026-04-08T01:30","55.7","32.762573","'-79.83892","0","5.2","60.9","13.8"
"charleston-weather","2026-04-08T01:50:05Z","2026-04-08T01:45","55.5","32.762573","'-79.83892","0","5","60.5","13.6"
"charleston-weather","2026-04-08T02:00:17Z","2026-04-08T02:00","55.1","32.762573","'-79.83892","0","5.1","60.2","13.7"
"charleston-weather","2026-04-08T02:10:05Z","2026-04-08T02:00","55.1","32.762573","'-79.83892","0","5.1","60.2","13.7"
"charleston-weather","2026-04-08T02:20:06Z","2026-04-08T02:15","54.8","32.762573","'-79.83892","0","5","59.8","13.9"
"charleston-weather","2026-04-08T02:30:06Z","2026-04-08T02:30","54.9","32.762573","'-79.83892","0","4.9","59.8","14.4"
"charleston-weather","2026-04-08T02:40:05Z","2026-04-08T02:30","53.9","32.762573","'-79.83892","0","5.9","59.8","14.4"
"charleston-weather","2026-04-08T02:50:05Z","2026-04-08T02:45","53.6","32.762573","'-79.83892","0","6","59.6","14.1"
"charleston-weather","2026-04-08T03:00:12Z","2026-04-08T03:00","53.3","32.762573","'-79.83892","0","6.1","59.4","14.6"
"charleston-weather","2026-04-08T03:10:05Z","2026-04-08T03:00","53.3","32.762573","'-79.83892","0","6.1","59.4","14.6"
"charleston-weather","2026-04-08T03:20:05Z","2026-04-08T03:15","53.2","32.762573","'-79.83892","0","5.8","59","14.4"
"charleston-weather","2026-04-08T03:30:10Z","2026-04-08T03:30","53.8","32.762573","'-79.83892","0","5.2","59","13.9"
"charleston-weather","2026-04-08T03:40:05Z","2026-04-08T03:30","53.5","32.762573","'-79.83892","0","5.5","59","15.1"
"charleston-weather","2026-04-08T03:50:05Z","2026-04-08T03:45","53.5","32.762573","'-79.83892","0","5.2","58.7","14.7"
"charleston-weather","2026-04-08T04:00:20Z","2026-04-08T04:00","52.9","32.762573","'-79.83892","0","5.5","58.4","15.5"
"charleston-weather","2026-04-08T04:10:05Z","2026-04-08T04:00","52.9","32.762573","'-79.83892","0","5.5","58.4","15.5"
"charleston-weather","2026-04-08T04:20:06Z","2026-04-08T04:15","52.9","32.762573","'-79.83892","0","5.3","58.2","15.9"
"charleston-weather","2026-04-08T04:30:07Z","2026-04-08T04:30","53.3","32.762573","'-79.83892","0","5","58.3","15.9"
"charleston-weather","2026-04-08T04:40:05Z","2026-04-08T04:30","52.6","32.762573","'-79.83892","0","5.7","58.3","17.6"
"charleston-weather","2026-04-08T04:50:05Z","2026-04-08T04:45","52.6","32.762573","'-79.83892","0","5.6","58.2","18.2"
"charleston-weather","2026-04-08T05:00:13Z","2026-04-08T05:00","52.5","32.762573","'-79.83892","0","5.6","58.1","19"
"charleston-weather","2026-04-08T05:10:06Z","2026-04-08T05:00","52.5","32.762573","'-79.83892","0","5.6","58.1","19"
"charleston-weather","2026-04-08T05:20:06Z","2026-04-08T05:15","52.7","32.762573","'-79.83892","0","5.4","58.1","18.5"
"charleston-weather","2026-04-08T05:30:07Z","2026-04-08T05:30","52.7","32.762573","'-79.83892","0","5.3","58","18.4"
"charleston-weather","2026-04-08T05:40:06Z","2026-04-08T05:30","52.4","32.762573","'-79.83892","0","5.6","58","18.4"
"charleston-weather","2026-04-08T05:50:05Z","2026-04-08T05:45","52.3","32.762573","'-79.83892","0","5.6","57.9","18.8"
"charleston-weather","2026-04-08T06:00:10Z","2026-04-08T06:00","52.2","32.762573","'-79.83892","0","5.6","57.8","18.9"
"charleston-weather","2026-04-08T06:10:06Z","2026-04-08T06:00","52.2","32.762573","'-79.83892","0","5.6","57.8","18.9"
"charleston-weather","2026-04-08T06:20:05Z","2026-04-08T06:15","52.1","32.762573","'-79.83892","0","5.7","57.8","19.5"
"charleston-weather","2026-04-08T06:30:07Z","2026-04-08T06:30","52.5","32.762573","'-79.83892","0","5.1","57.6","18.9"
"charleston-weather","2026-04-08T06:40:06Z","2026-04-08T06:30","52.1","32.762573","'-79.83892","0","5.5","57.6","19.5"
"charleston-weather","2026-04-08T06:50:06Z","2026-04-08T06:45","52.5","32.762573","'-79.83892","0","5","57.5","19"
"charleston-weather","2026-04-08T07:00:14Z","2026-04-08T07:00","52.7","32.762573","'-79.83892","0","4.8","57.5","19.2"
"charleston-weather","2026-04-08T07:10:06Z","2026-04-08T07:00","52.7","32.762573","'-79.83892","0","4.8","57.5","19.2"
"charleston-weather","2026-04-08T07:20:06Z","2026-04-08T07:15","52.4","32.762573","'-79.83892","0","5.1","57.5","20.3"
"charleston-weather","2026-04-08T07:30:06Z","2026-04-08T07:30","52","32.762573","'-79.83892","0","5.5","57.5","21.6"
"charleston-weather","2026-04-08T07:40:05Z","2026-04-08T07:30","52","32.762573","'-79.83892","0","5.5","57.5","21.6"
"charleston-weather","2026-04-08T07:50:06Z","2026-04-08T07:45","51.9","32.762573","'-79.83892","0","5.5","57.4","21.3"
"charleston-weather","2026-04-08T08:01:32Z","2026-04-08T08:00","51.5","32.762573","'-79.83892","0","5.8","57.3","21.4"
"charleston-weather","2026-04-08T08:10:05Z","2026-04-08T08:00","51.5","32.762573","'-79.83892","0","5.8","57.3","21.4"
"charleston-weather","2026-04-08T08:20:06Z","2026-04-08T08:15","51.1","32.762573","'-79.83892","0","5.9","57","21.4"
"charleston-weather","2026-04-08T08:30:07Z","2026-04-08T08:30","51.1","32.762573","'-79.83892","0","5.8","56.9","21.2"
"charleston-weather","2026-04-08T08:40:05Z","2026-04-08T08:30","50.7","32.762573","'-79.83892","0","6.6","57.3","24"
"charleston-weather","2026-04-08T08:50:06Z","2026-04-08T08:45","50.6","32.762573","'-79.83892","0","6.5","57.1","23.4"
"charleston-weather","2026-04-08T09:00:15Z","2026-04-08T09:00","50.4","32.762573","'-79.83892","0","6.5","56.9","23.4"
"charleston-weather","2026-04-08T09:10:05Z","2026-04-08T09:00","50.4","32.762573","'-79.83892","0","6.5","56.9","23.4"
"charleston-weather","2026-04-08T09:20:05Z","2026-04-08T09:15","49.8","32.762573","'-79.83892","0","6.7","56.5","23.3"
"charleston-weather","2026-04-08T09:30:14Z","2026-04-08T09:30","50","32.762573","'-79.83892","0","6.4","56.4","22.1"
"charleston-weather","2026-04-08T09:40:06Z","2026-04-08T09:30","49.5","32.762573","'-79.83892","0","6.6","56.1","22.7"
"charleston-weather","2026-04-08T09:50:05Z","2026-04-08T09:45","49.2","32.762573","'-79.83892","0","6.8","56","22.4"
"charleston-weather","2026-04-08T10:00:31Z","2026-04-08T10:00","48.6","32.762573","'-79.83892","0","7.1","55.7","22.6"
"charleston-weather","2026-04-08T10:10:05Z","2026-04-08T10:00","48.6","32.762573","'-79.83892","0","7.1","55.7","22.6"
"charleston-weather","2026-04-08T10:20:05Z","2026-04-08T10:15","47.9","32.762573","'-79.83892","0","7.5","55.4","23.8"
"charleston-weather","2026-04-08T10:30:10Z","2026-04-08T10:30","48","32.762573","'-79.83892","0","7.4","55.4","23.4"
"charleston-weather","2026-04-08T10:40:05Z","2026-04-08T10:30","48","32.762573","'-79.83892","0","7.4","55.4","23.4"
"charleston-weather","2026-04-08T10:50:06Z","2026-04-08T10:45","47.9","32.762573","'-79.83892","0","7.4","55.3","23.4"
"charleston-weather","2026-04-08T11:00:30Z","2026-04-08T11:00","47.7","32.762573","'-79.83892","0","7.4","55.1","23.1"
"charleston-weather","2026-04-08T11:10:06Z","2026-04-08T11:00","47.7","32.762573","'-79.83892","0","7.4","55.1","23.1"
"charleston-weather","2026-04-08T11:20:06Z","2026-04-08T11:15","47.8","32.762573","'-79.83892","0","7.3","55.1","23"
"charleston-weather","2026-04-08T11:30:07Z","2026-04-08T11:30","48.2","32.762573","'-79.83892","0","7.4","55.6","23"
"charleston-weather","2026-04-08T11:40:05Z","2026-04-08T11:30","48.2","32.762573","'-79.83892","0","7.4","55.6","23"
"charleston-weather","2026-04-08T11:50:06Z","2026-04-08T11:45","46.6","32.762573","'-79.83892","0","8.2","54.8","26.1"
"charleston-weather","2026-04-08T12:00:14Z","2026-04-08T12:00","46.8","32.762573","'-79.83892","0","8.4","55.2","27.4"
"charleston-weather","2026-04-08T12:10:06Z","2026-04-08T12:00","46.8","32.762573","'-79.83892","0","8.4","55.2","27.4"
"charleston-weather","2026-04-08T12:20:06Z","2026-04-08T12:15","46.9","32.762573","'-79.83892","0","9","55.9","29.5"
"charleston-weather","2026-04-08T12:30:12Z","2026-04-08T12:30","47.6","32.762573","'-79.83892","0","9.1","56.7","30.4"
"charleston-weather","2026-04-08T12:40:05Z","2026-04-08T12:30","47.1","32.762573","'-79.83892","0","9","56.1","29.7"
"charleston-weather","2026-04-08T12:50:05Z","2026-04-08T12:45","47.8","32.762573","'-79.83892","0","9.1","56.9","30.7"
"charleston-weather","2026-04-08T13:00:30Z","2026-04-08T13:00","48.9","32.762573","'-79.83892","0","9.1","58","31.2"
"charleston-weather","2026-04-08T13:10:06Z","2026-04-08T13:00","48.9","32.762573","'-79.83892","0","9.1","58","31.2"
"charleston-weather","2026-04-08T13:20:06Z","2026-04-08T13:15","49.3","32.762573","'-79.83892","0","9.6","58.9","33.4"
"charleston-weather","2026-04-08T13:30:15Z","2026-04-08T13:30","50.3","32.762573","'-79.83892","0","8.9","59.2","30.5"
"charleston-weather","2026-04-08T13:40:05Z","2026-04-08T13:30","50.3","32.762573","'-79.83892","0","8.9","59.2","30.5"
"charleston-weather","2026-04-08T13:50:05Z","2026-04-08T13:45","50.5","32.762573","'-79.83892","0","9.3","59.8","32.2"
"charleston-weather","2026-04-08T14:00:26Z","2026-04-08T14:00","50.6","32.762573","'-79.83892","0","9.5","60.1","33.7"
"charleston-weather","2026-04-08T14:10:12Z","2026-04-08T14:00","50.6","32.762573","'-79.83892","0","9.5","60.1","33.7"
"charleston-weather","2026-04-08T14:20:05Z","2026-04-08T14:15","50.8","32.762573","'-79.83892","0","9.7","60.5","34.8"
"charleston-weather","2026-04-08T14:30:11Z","2026-04-08T14:30","51.4","32.762573","'-79.83892","0","9.5","60.9","35.4"
"charleston-weather","2026-04-08T14:40:06Z","2026-04-08T14:30","52.2","32.762573","'-79.83892","0","9","61.2","32.1"
"charleston-weather","2026-04-08T14:50:09Z","2026-04-08T14:45","52.8","32.762573","'-79.83892","0","8.6","61.4","32.9"
"charleston-weather","2026-04-08T15:00:18Z","2026-04-08T15:00","53.3","32.762573","'-79.83892","0","8.3","61.6","33.1"
"charleston-weather","2026-04-08T15:10:05Z","2026-04-08T15:00","53.3","32.762573","'-79.83892","0","8.3","61.6","33.1"
"charleston-weather","2026-04-08T15:20:06Z","2026-04-08T15:15","53.4","32.762573","'-79.83892","0","8.6","62","33.7"
"charleston-weather","2026-04-08T15:30:08Z","2026-04-08T15:30","53.2","32.762573","'-79.83892","0","9.1","62.3","35.2"
"charleston-weather","2026-04-08T15:40:05Z","2026-04-08T15:30","54.5","32.762573","'-79.83892","0","7.8","62.3","32.2"
"charleston-weather","2026-04-08T15:50:06Z","2026-04-08T15:45","54.3","32.762573","'-79.83892","0","8.4","62.7","33.6"
"charleston-weather","2026-04-08T16:00:11Z","2026-04-08T16:00","53.9","32.762573","'-79.83892","0","8.9","62.8","35.1"
"charleston-weather","2026-04-08T16:10:05Z","2026-04-08T16:00","53.9","32.762573","'-79.83892","0","8.9","62.8","35.1"
"charleston-weather","2026-04-08T16:20:06Z","2026-04-08T16:15","53.6","32.762573","'-79.83892","0","9.3","62.9","35.9"
"charleston-weather","2026-04-08T16:30:07Z","2026-04-08T16:30","55.4","32.762573","'-79.83892","0","8.6","64","33.6"
"charleston-weather","2026-04-08T16:40:05Z","2026-04-08T16:30","55","32.762573","'-79.83892","0","9","64","33.6"
"charleston-weather","2026-04-08T16:50:05Z","2026-04-08T16:45","54.8","32.762573","'-79.83892","0","9.3","64.1","34.1"
"charleston-weather","2026-04-08T17:00:14Z","2026-04-08T17:00","54.9","32.762573","'-79.83892","0","9.3","64.2","33.6"
"charleston-weather","2026-04-08T17:10:05Z","2026-04-08T17:00","54.9","32.762573","'-79.83892","0","9.3","64.2","33.6"
"charleston-weather","2026-04-08T17:20:05Z","2026-04-08T17:15","55","32.762573","'-79.83892","0","9.4","64.4","33.9"
"charleston-weather","2026-04-08T17:30:09Z","2026-04-08T17:30","56.1","32.762573","'-79.83892","0","8.9","65","32.8"
"charleston-weather","2026-04-08T17:40:05Z","2026-04-08T17:30","56.2","32.762573","'-79.83892","0","8.8","65","32.6"
"charleston-weather","2026-04-08T17:50:05Z","2026-04-08T17:45","56.3","32.762573","'-79.83892","0","9","65.3","33.4"
"charleston-weather","2026-04-08T18:00:12Z","2026-04-08T18:00","56.3","32.762573","'-79.83892","0","9.4","65.7","34.1"
"charleston-weather","2026-04-08T18:10:05Z","2026-04-08T18:00","56.3","32.762573","'-79.83892","0","9.4","65.7","34.1"
"charleston-weather","2026-04-08T18:20:05Z","2026-04-08T18:15","56","32.762573","'-79.83892","0","9.7","65.7","35.4"
"charleston-weather","2026-04-08T18:30:09Z","2026-04-08T18:30","56","32.762573","'-79.83892","0","9.6","65.6","35.5"
"charleston-weather","2026-04-08T18:40:05Z","2026-04-08T18:30","55.8","32.762573","'-79.83892","0","9.3","65.1","35.1"
"charleston-weather","2026-04-08T18:50:05Z","2026-04-08T18:45","55.8","32.762573","'-79.83892","0","9.2","65","34.9"
"charleston-weather","2026-04-08T19:00:09Z","2026-04-08T19:00","55.1","32.762573","'-79.83892","0","9.3","64.4","35.3"
"charleston-weather","2026-04-08T19:10:05Z","2026-04-08T19:00","55.1","32.762573","'-79.83892","0","9.3","64.4","35.3"
"charleston-weather","2026-04-08T19:20:05Z","2026-04-08T19:15","54.5","32.762573","'-79.83892","0","9.5","64","35.5"
"charleston-weather","2026-04-08T19:30:06Z","2026-04-08T19:30","54.3","32.762573","'-79.83892","0","9.5","63.8","35.4"
"charleston-weather","2026-04-08T19:40:05Z","2026-04-08T19:30","54.3","32.762573","'-79.83892","0","9.5","63.8","35.4"
"charleston-weather","2026-04-08T19:50:05Z","2026-04-08T19:45","54.3","32.762573","'-79.83892","0","9.4","63.7","35"
"charleston-weather","2026-04-08T20:00:16Z","2026-04-08T20:00","53.6","32.762573","'-79.83892","0","9.9","63.5","36.2"
"charleston-weather","2026-04-08T20:10:05Z","2026-04-08T20:00","53.6","32.762573","'-79.83892","0","9.9","63.5","36.2"
"charleston-weather","2026-04-08T20:20:05Z","2026-04-08T20:15","52.7","32.762573","'-79.83892","0","10.4","63.1","36.5"
"charleston-weather","2026-04-08T20:30:07Z","2026-04-08T20:30","51.7","32.762573","'-79.83892","0","10.8","62.5","37.2"
"charleston-weather","2026-04-08T20:40:05Z","2026-04-08T20:30","53.9","32.762573","'-79.83892","0","9.5","63.4","32.8"
"charleston-weather","2026-04-08T20:50:06Z","2026-04-08T20:45","53","32.762573","'-79.83892","0","10.2","63.2","33.9"
"charleston-weather","2026-04-08T21:00:16Z","2026-04-08T21:00","51.7","32.762573","'-79.83892","0","10.9","62.6","35.3"
"charleston-weather","2026-04-08T21:10:05Z","2026-04-08T21:00","51.7","32.762573","'-79.83892","0","10.9","62.6","35.3"
"charleston-weather","2026-04-08T21:20:05Z","2026-04-08T21:15","50.8","32.762573","'-79.83892","0","11.2","62","35.5"
"charleston-weather","2026-04-08T21:30:07Z","2026-04-08T21:30","50.5","32.762573","'-79.83892","0","11.1","61.6","35.6"
"charleston-weather","2026-04-08T21:40:05Z","2026-04-08T21:30","50.8","32.762573","'-79.83892","0","10.8","61.6","34.1"
"charleston-weather","2026-04-08T21:50:05Z","2026-04-08T21:45","50.1","32.762573","'-79.83892","0","10.9","61","34.4"
"charleston-weather","2026-04-08T22:00:10Z","2026-04-08T22:00","49.9","32.762573","'-79.83892","0","10.7","60.6","34.1"
"charleston-weather","2026-04-08T22:10:05Z","2026-04-08T22:00","49.9","32.762573","'-79.83892","0","10.7","60.6","34.1"
"charleston-weather","2026-04-08T22:20:05Z","2026-04-08T22:15","49.8","32.762573","'-79.83892","0","10.5","60.3","33.8"
"charleston-weather","2026-04-08T22:30:06Z","2026-04-08T22:30","49.6","32.762573","'-79.83892","0","10.3","59.9","33.5"
"charleston-weather","2026-04-08T22:40:05Z","2026-04-08T22:30","49.8","32.762573","'-79.83892","0","10.3","60.1","32.4"
"charleston-weather","2026-04-08T22:50:05Z","2026-04-08T22:45","49.7","32.762573","'-79.83892","0","9.9","59.6","31.6"
"charleston-weather","2026-04-08T23:00:09Z","2026-04-08T23:00","49.5","32.762573","'-79.83892","0","9.6","59.1","30.8"
"charleston-weather","2026-04-08T23:10:05Z","2026-04-08T23:00","49.5","32.762573","'-79.83892","0","9.6","59.1","30.8"
"charleston-weather","2026-04-08T23:20:05Z","2026-04-08T23:15","49.1","32.762573","'-79.83892","0","9.4","58.5","30"
"charleston-weather","2026-04-08T23:30:06Z","2026-04-08T23:30","49.8","32.762573","'-79.83892","0","8.9","58.7","29.1"
"charleston-weather","2026-04-08T23:40:05Z","2026-04-08T23:30","49.3","32.762573","'-79.83892","0","9.4","58.7","26.2"
"charleston-weather","2026-04-08T23:50:05Z","2026-04-08T23:45","48.9","32.762573","'-79.83892","0","8.9","57.8","25.7"
"charleston-weather","2026-04-09T00:00:11Z","2026-04-09T00:00","48.8","32.762573","'-79.83892","0","8.6","57.4","24.7"
"charleston-weather","2026-04-09T00:10:05Z","2026-04-09T00:00","48.8","32.762573","'-79.83892","0","8.6","57.4","24.7"
"charleston-weather","2026-04-09T00:20:05Z","2026-04-09T00:15","48.6","32.762573","'-79.83892","0","8.4","57","24.4"
"charleston-weather","2026-04-09T00:30:09Z","2026-04-09T00:30","48.6","32.762573","'-79.83892","0","8.4","57","25"
"charleston-weather","2026-04-09T00:40:05Z","2026-04-09T00:30","48.6","32.762573","'-79.83892","0","8.7","57.3","22.7"
"charleston-weather","2026-04-09T00:50:06Z","2026-04-09T00:45","48.9","32.762573","'-79.83892","0","8.4","57.3","23.4"
"charleston-weather","2026-04-09T01:00:09Z","2026-04-09T01:00","48.5","32.762573","'-79.83892","0","8.6","57.1","25.2"
"charleston-weather","2026-04-09T01:10:06Z","2026-04-09T01:00","48.5","32.762573","'-79.83892","0","8.6","57.1","25.2"
"charleston-weather","2026-04-09T01:20:06Z","2026-04-09T01:15","49.1","32.762573","'-79.83892","0","8.3","57.4","25.2"
"charleston-weather","2026-04-09T01:30:06Z","2026-04-09T01:30","48.6","32.762573","'-79.83892","0","8.4","57","25.5"
"charleston-weather","2026-04-09T01:40:05Z","2026-04-09T01:30","48.6","32.762573","'-79.83892","0","8.4","57","25.5"
"charleston-weather","2026-04-09T01:50:05Z","2026-04-09T01:45","48.5","32.762573","'-79.83892","0","8.4","56.9","26"
"charleston-weather","2026-04-09T02:00:18Z","2026-04-09T02:00","47.7","32.762573","'-79.83892","0","9.1","56.8","27.1"
"charleston-weather","2026-04-09T02:10:05Z","2026-04-09T02:00","47.7","32.762573","'-79.83892","0","9.1","56.8","27.1"
"charleston-weather","2026-04-09T02:20:05Z","2026-04-09T02:15","47.4","32.762573","'-79.83892","0","9.1","56.5","27.1"
"charleston-weather","2026-04-09T02:30:09Z","2026-04-09T02:30","48.4","32.762573","'-79.83892","0","7.6","56","21.1"
"charleston-weather","2026-04-09T02:40:05Z","2026-04-09T02:30","48.2","32.762573","'-79.83892","0","7.8","56","21.1"
"charleston-weather","2026-04-09T02:50:05Z","2026-04-09T02:45","48","32.762573","'-79.83892","0","7.9","55.9","20.8"
"charleston-weather","2026-04-09T03:00:21Z","2026-04-09T03:00","47.3","32.762573","'-79.83892","0","8.3","55.6","21.7"
"charleston-weather","2026-04-09T03:10:05Z","2026-04-09T03:00","47.3","32.762573","'-79.83892","0","8.3","55.6","21.7"
"charleston-weather","2026-04-09T03:20:05Z","2026-04-09T03:15","47.2","32.762573","'-79.83892","0","8.2","55.4","21.6"
"charleston-weather","2026-04-09T03:30:11Z","2026-04-09T03:30","47.6","32.762573","'-79.83892","0","7.2","54.8","17.9"
"charleston-weather","2026-04-09T03:40:05Z","2026-04-09T03:30","47.7","32.762573","'-79.83892","0","7.1","54.8","17.9"
"charleston-weather","2026-04-09T03:50:05Z","2026-04-09T03:45","47.4","32.762573","'-79.83892","0","7.1","54.5","18.9"
"charleston-weather","2026-04-09T04:00:16Z","2026-04-09T04:00","47.1","32.762573","'-79.83892","0","7.5","54.6","21.4"
"charleston-weather","2026-04-09T04:10:05Z","2026-04-09T04:00","47.1","32.762573","'-79.83892","0","7.5","54.6","21.4"
"charleston-weather","2026-04-09T04:20:05Z","2026-04-09T04:15","47.4","32.762573","'-79.83892","0","7.6","55","22.7"
"charleston-weather","2026-04-09T04:30:10Z","2026-04-09T04:30","48","32.762573","'-79.83892","0","7","55","20.5"
"charleston-weather","2026-04-09T04:40:05Z","2026-04-09T04:30","47.5","32.762573","'-79.83892","0","7.5","55","20.5"
"charleston-weather","2026-04-09T04:50:06Z","2026-04-09T04:45","47.8","32.762573","'-79.83892","0","7.3","55.1","21.3"
"charleston-weather","2026-04-09T05:00:16Z","2026-04-09T05:00","47.8","32.762573","'-79.83892","0","7.3","55.1","21.7"
"charleston-weather","2026-04-09T05:10:06Z","2026-04-09T05:00","47.8","32.762573","'-79.83892","0","7.3","55.1","21.7"
"charleston-weather","2026-04-09T05:20:06Z","2026-04-09T05:15","47.9","32.762573","'-79.83892","0","7.3","55.2","22.2"
"charleston-weather","2026-04-09T05:30:12Z","2026-04-09T05:30","48","32.762573","'-79.83892","0","6.7","54.7","19.4"
"charleston-weather","2026-04-09T05:40:05Z","2026-04-09T05:30","47.8","32.762573","'-79.83892","0","6.9","54.7","19.4"
"charleston-weather","2026-04-09T05:50:05Z","2026-04-09T05:45","47.7","32.762573","'-79.83892","0","6.8","54.5","19"
"charleston-weather","2026-04-09T06:00:13Z","2026-04-09T06:00","47.8","32.762573","'-79.83892","0","6.9","54.7","19.5"
"charleston-weather","2026-04-09T06:10:05Z","2026-04-09T06:00","47.8","32.762573","'-79.83892","0","6.9","54.7","19.5"
"charleston-weather","2026-04-09T06:20:06Z","2026-04-09T06:15","48.5","32.762573","'-79.83892","0","6.8","55.3","19.8"
"charleston-weather","2026-04-09T06:30:11Z","2026-04-09T06:30","47.8","32.762573","'-79.83892","0","7.3","55.1","21.9"
"charleston-weather","2026-04-09T06:40:05Z","2026-04-09T06:30","47.5","32.762573","'-79.83892","0","7.6","55.1","21.9"
"charleston-weather","2026-04-09T06:50:06Z","2026-04-09T06:45","47.5","32.762573","'-79.83892","0","7.4","54.9","21.6"
"charleston-weather","2026-04-09T07:00:11Z","2026-04-09T07:00","46.8","32.762573","'-79.83892","0","7.3","54.1","20.8"
"charleston-weather","2026-04-09T07:10:06Z","2026-04-09T07:00","46.8","32.762573","'-79.83892","0","7.3","54.1","20.8"
"charleston-weather","2026-04-09T07:20:05Z","2026-04-09T07:15","45.8","32.762573","'-79.83892","0","7.6","53.4","22.2"
"charleston-weather","2026-04-09T07:30:11Z","2026-04-09T07:30","46.3","32.762573","'-79.83892","0","7.9","54.2","23.9"
"charleston-weather","2026-04-09T07:40:06Z","2026-04-09T07:30","46.3","32.762573","'-79.83892","0","7.9","54.2","23.9"
"charleston-weather","2026-04-09T07:50:06Z","2026-04-09T07:45","45.3","32.762573","'-79.83892","0","8","53.3","23.7"
"charleston-weather","2026-04-09T08:00:11Z","2026-04-09T08:00","45.4","32.762573","'-79.83892","0","8","53.4","22.5"
"charleston-weather","2026-04-09T08:10:05Z","2026-04-09T08:00","45.4","32.762573","'-79.83892","0","8","53.4","22.5"
"charleston-weather","2026-04-09T08:20:06Z","2026-04-09T08:15","45.4","32.762573","'-79.83892","0","7.9","53.3","22.1"
"charleston-weather","2026-04-09T08:30:11Z","2026-04-09T08:30","43.6","32.762573","'-79.83892","0","7.9","51.5","21.3"
"charleston-weather","2026-04-09T08:40:05Z","2026-04-09T08:30","43.8","32.762573","'-79.83892","0","7.7","51.5","21.3"
"charleston-weather","2026-04-09T08:50:05Z","2026-04-09T08:45","45.1","32.762573","'-79.83892","0","7.3","52.4","21.4"
"charleston-weather","2026-04-09T09:00:12Z","2026-04-09T09:00","45.3","32.762573","'-79.83892","0","7.3","52.6","21.9"
"charleston-weather","2026-04-09T09:10:05Z","2026-04-09T09:00","45.3","32.762573","'-79.83892","0","7.3","52.6","21.9"
"charleston-weather","2026-04-09T09:20:05Z","2026-04-09T09:15","45.2","32.762573","'-79.83892","0","7.4","52.6","22.4"
"charleston-weather","2026-04-09T09:30:12Z","2026-04-09T09:30","42","32.762573","'-79.83892","0","8","50","21.7"
"charleston-weather","2026-04-09T09:40:05Z","2026-04-09T09:30","42.7","32.762573","'-79.83892","0","7.3","50","20.5"
"charleston-weather","2026-04-09T09:50:06Z","2026-04-09T09:45","42.3","32.762573","'-79.83892","0","7.6","49.9","21.3"
"charleston-weather","2026-04-09T10:00:30Z","2026-04-09T10:00","42.8","32.762573","'-79.83892","0","7.6","50.4","21.3"
"charleston-weather","2026-04-09T10:10:05Z","2026-04-09T10:00","42.8","32.762573","'-79.83892","0","7.6","50.4","21.3"
"charleston-weather","2026-04-09T10:20:05Z","2026-04-09T10:15","42.9","32.762573","'-79.83892","0","7.6","50.5","21.4"
"charleston-weather","2026-04-09T10:30:12Z","2026-04-09T10:30","40.6","32.762573","'-79.83892","0","7.9","48.5","20.6"
"charleston-weather","2026-04-09T10:40:05Z","2026-04-09T10:30","40.4","32.762573","'-79.83892","0","8.1","48.5","20.6"
"charleston-weather","2026-04-09T10:50:06Z","2026-04-09T10:45","40","32.762573","'-79.83892","0","8.1","48.1","20.7"
"charleston-weather","2026-04-09T11:00:20Z","2026-04-09T11:00","40","32.762573","'-79.83892","0","8.1","48.1","20.8"
"charleston-weather","2026-04-09T11:10:05Z","2026-04-09T11:00","40","32.762573","'-79.83892","0","8.1","48.1","20.8"
"charleston-weather","2026-04-09T11:20:05Z","2026-04-09T11:15","40.2","32.762573","'-79.83892","0","7.9","48.1","20.8"
"charleston-weather","2026-04-09T11:30:11Z","2026-04-09T11:30","41.3","32.762573","'-79.83892","0","7.9","49.2","21.9"
"charleston-weather","2026-04-09T11:40:05Z","2026-04-09T11:30","41.1","32.762573","'-79.83892","0","8.1","49.2","21.9"
"charleston-weather","2026-04-09T11:50:05Z","2026-04-09T11:45","40.8","32.762573","'-79.83892","0","8.2","49","22.5"
"charleston-weather","2026-04-09T12:00:19Z","2026-04-09T12:00","40.9","32.762573","'-79.83892","0","8.4","49.3","23.2"
"charleston-weather","2026-04-09T12:10:06Z","2026-04-09T12:00","40.9","32.762573","'-79.83892","0","8.4","49.3","23.2"
"charleston-weather","2026-04-09T12:20:05Z","2026-04-09T12:15","41.5","32.762573","'-79.83892","0","8.4","49.9","24"
"charleston-weather","2026-04-09T12:30:07Z","2026-04-09T12:30","42.5","32.762573","'-79.83892","0","8.3","50.8","24.6"
"charleston-weather","2026-04-09T12:40:05Z","2026-04-09T12:30","43","32.762573","'-79.83892","0","7.8","50.8","22.8"
"charleston-weather","2026-04-09T12:50:05Z","2026-04-09T12:45","43.8","32.762573","'-79.83892","0","7.5","51.3","22.6"
"charleston-weather","2026-04-09T13:00:14Z","2026-04-09T13:00","44.5","32.762573","'-79.83892","0","7.6","52.1","23.7"
"charleston-weather","2026-04-09T13:10:05Z","2026-04-09T13:00","44.5","32.762573","'-79.83892","0","7.6","52.1","23.7"
"charleston-weather","2026-04-09T13:20:05Z","2026-04-09T13:15","44.6","32.762573","'-79.83892","0","7.3","51.9","21.7"
"charleston-weather","2026-04-09T13:30:11Z","2026-04-09T13:30","46","32.762573","'-79.83892","0","7.5","53.5","22.2"
"charleston-weather","2026-04-09T13:40:05Z","2026-04-09T13:30","46","32.762573","'-79.83892","0","7.5","53.5","22.2"
"charleston-weather","2026-04-09T13:50:05Z","2026-04-09T13:45","47.4","32.762573","'-79.83892","0","7.8","55.2","23.2"
"charleston-weather","2026-04-09T14:00:22Z","2026-04-09T14:00","49","32.762573","'-79.83892","0","7.8","56.8","23.7"
"charleston-weather","2026-04-09T14:10:05Z","2026-04-09T14:00","49","32.762573","'-79.83892","0","7.8","56.8","23.7"
"charleston-weather","2026-04-09T14:20:06Z","2026-04-09T14:15","50.4","32.762573","'-79.83892","0","7.3","57.7","23.7"
"charleston-weather","2026-04-09T14:30:08Z","2026-04-09T14:30","52.3","32.762573","'-79.83892","0","6.6","58.9","23"
"charleston-weather","2026-04-09T14:40:05Z","2026-04-09T14:30","52.9","32.762573","'-79.83892","0","6","58.9","23"
"charleston-weather","2026-04-09T14:50:06Z","2026-04-09T14:45","54.3","32.762573","'-79.83892","0","5.7","60","22.9"
"charleston-weather","2026-04-09T15:00:10Z","2026-04-09T15:00","55.6","32.762573","'-79.83892","0","5.4","61","23.1"
"charleston-weather","2026-04-09T15:10:05Z","2026-04-09T15:00","55.6","32.762573","'-79.83892","0","5.4","61","23.1"
"charleston-weather","2026-04-09T15:20:05Z","2026-04-09T15:15","56","32.762573","'-79.83892","0","5.5","61.5","24.7"
"charleston-weather","2026-04-09T15:30:08Z","2026-04-09T15:30","58.7","32.762573","'-79.83892","0","4.2","62.9","22.7"
"charleston-weather","2026-04-09T15:40:05Z","2026-04-09T15:30","58.9","32.762573","'-79.83892","0","4","62.9","22.7"
"charleston-weather","2026-04-09T15:50:06Z","2026-04-09T15:45","59.9","32.762573","'-79.83892","0","3.8","63.7","22.7"
"charleston-weather","2026-04-09T16:00:12Z","2026-04-09T16:00","59.3","32.762573","'-79.83892","0","4.6","63.9","23.9"
"charleston-weather","2026-04-09T16:10:05Z","2026-04-09T16:00","59.3","32.762573","'-79.83892","0","4.6","63.9","23.9"
"charleston-weather","2026-04-09T16:20:05Z","2026-04-09T16:15","60.9","32.762573","'-79.83892","0","3.7","64.6","25.2"
"charleston-weather","2026-04-09T16:30:10Z","2026-04-09T16:30","63","32.762573","'-79.83892","0","3.2","66.2","26"
"charleston-weather","2026-04-09T16:40:05Z","2026-04-09T16:30","64.4","32.762573","'-79.83892","0","1.8","66.2","20.7"
"charleston-weather","2026-04-09T16:50:05Z","2026-04-09T16:45","64.5","32.762573","'-79.83892","0","2","66.5","21.9"
"charleston-weather","2026-04-09T17:00:09Z","2026-04-09T17:00","64.3","32.762573","'-79.83892","0","2.4","66.7","23.6"
"charleston-weather","2026-04-09T17:10:05Z","2026-04-09T17:00","64.3","32.762573","'-79.83892","0","2.4","66.7","23.6"
"charleston-weather","2026-04-09T17:20:06Z","2026-04-09T17:15","62.8","32.762573","'-79.83892","0","3.5","66.3","27.1"
"charleston-weather","2026-04-09T17:30:07Z","2026-04-09T17:30","63.8","32.762573","'-79.83892","0","2.9","66.7","25.5"
"charleston-weather","2026-04-09T17:40:06Z","2026-04-09T17:30","63.8","32.762573","'-79.83892","0","2.9","66.7","25.5"
"charleston-weather","2026-04-09T17:50:05Z","2026-04-09T17:45","63.2","32.762573","'-79.83892","0","3","66.2","27.1"
"charleston-weather","2026-04-09T18:00:14Z","2026-04-09T18:00","62.4","32.762573","'-79.83892","0","3.4","65.8","28.3"
"charleston-weather","2026-04-09T18:10:05Z","2026-04-09T18:00","62.4","32.762573","'-79.83892","0","3.4","65.8","28.3"
"charleston-weather","2026-04-09T18:20:05Z","2026-04-09T18:15","62.6","32.762573","'-79.83892","0","3.4","66","29"
"charleston-weather","2026-04-09T18:30:07Z","2026-04-09T18:30","64.4","32.762573","'-79.83892","0","2.8","67.2","27.8"
"charleston-weather","2026-04-09T18:40:05Z","2026-04-09T18:30","65.3","32.762573","'-79.83892","0","1.9","67.2","25.1"
"charleston-weather","2026-04-09T18:50:06Z","2026-04-09T18:45","64.2","32.762573","'-79.83892","0","2.6","66.8","26.6"
"charleston-weather","2026-04-09T19:00:17Z","2026-04-09T19:00","63.3","32.762573","'-79.83892","0","3","66.3","27.1"
"charleston-weather","2026-04-09T19:10:06Z","2026-04-09T19:00","63.3","32.762573","'-79.83892","0","3","66.3","27.1"
"charleston-weather","2026-04-09T19:20:05Z","2026-04-09T19:15","62.6","32.762573","'-79.83892","0","3.4","66","26.9"
"charleston-weather","2026-04-09T19:30:07Z","2026-04-09T19:30","58.5","32.762573","'-79.83892","0","6.3","64.8","27.9"
"charleston-weather","2026-04-09T19:40:05Z","2026-04-09T19:30","58.5","32.762573","'-79.83892","0","6.3","64.8","27.9"
"charleston-weather","2026-04-09T19:50:06Z","2026-04-09T19:45","60.8","32.762573","'-79.83892","0","4.6","65.4","27.1"
"charleston-weather","2026-04-09T20:00:18Z","2026-04-09T20:00","58.8","32.762573","'-79.83892","0","6.2","65","26.8"
"charleston-weather","2026-04-09T20:10:06Z","2026-04-09T20:00","59","32.762573","'-79.83892","0","6","65","26.8"
"charleston-weather","2026-04-09T20:20:05Z","2026-04-09T20:15","59.3","32.762573","'-79.83892","0","6","65.3","27.2"
"charleston-weather","2026-04-09T20:30:08Z","2026-04-09T20:30","62","32.762573","'-79.83892","0","4.8","66.8","27"
"charleston-weather","2026-04-09T20:40:06Z","2026-04-09T20:30","61.1","32.762573","'-79.83892","0","5.7","66.8","25.9"
"charleston-weather","2026-04-09T20:50:06Z","2026-04-09T20:45","60.4","32.762573","'-79.83892","0","6.4","66.8","26.7"
"charleston-weather","2026-04-09T21:00:09Z","2026-04-09T21:00","59.5","32.762573","'-79.83892","0","6.9","66.4","26.9"
"charleston-weather","2026-04-09T21:10:05Z","2026-04-09T21:00","59.5","32.762573","'-79.83892","0","6.9","66.4","26.9"
"charleston-weather","2026-04-09T21:20:06Z","2026-04-09T21:15","58.3","32.762573","'-79.83892","0","7.1","65.4","27.4"
"charleston-weather","2026-04-09T21:30:12Z","2026-04-09T21:30","58.8","32.762573","'-79.83892","0","6.4","65.2","26.3"
"charleston-weather","2026-04-09T21:40:06Z","2026-04-09T21:30","58.6","32.762573","'-79.83892","0","6.4","65","26"
"charleston-weather","2026-04-09T21:50:05Z","2026-04-09T21:45","59","32.762573","'-79.83892","0","5.9","64.9","25.6"
"charleston-weather","2026-04-09T22:00:17Z","2026-04-09T22:00","59","32.762573","'-79.83892","0","5.4","64.4","25"
"charleston-weather","2026-04-09T22:10:05Z","2026-04-09T22:00","59","32.762573","'-79.83892","0","5.4","64.4","25"
"charleston-weather","2026-04-09T22:20:05Z","2026-04-09T22:15","58.9","32.762573","'-79.83892","0","5.1","64","23.5"
"charleston-weather","2026-04-09T22:30:06Z","2026-04-09T22:30","59.1","32.762573","'-79.83892","0","4.8","63.9","22.3"
"charleston-weather","2026-04-09T22:40:05Z","2026-04-09T22:30","58.9","32.762573","'-79.83892","0","5.3","64.2","22.1"
"charleston-weather","2026-04-09T22:50:05Z","2026-04-09T22:45","58.8","32.762573","'-79.83892","0","5.3","64.1","20.8"
"charleston-weather","2026-04-09T23:00:09Z","2026-04-09T23:00","58.7","32.762573","'-79.83892","0","5.2","63.9","19.8"
"charleston-weather","2026-04-09T23:10:05Z","2026-04-09T23:00","58.7","32.762573","'-79.83892","0","5.2","63.9","19.8"
"charleston-weather","2026-04-09T23:20:05Z","2026-04-09T23:15","58.5","32.762573","'-79.83892","0","5","63.5","19.4"
"charleston-weather","2026-04-09T23:30:08Z","2026-04-09T23:30","58.2","32.762573","'-79.83892","0","4.6","62.8","18.2"
"charleston-weather","2026-04-09T23:40:05Z","2026-04-09T23:30","58.6","32.762573","'-79.83892","0","4.2","62.8","16.5"
"charleston-weather","2026-04-09T23:50:05Z","2026-04-09T23:45","58","32.762573","'-79.83892","0","3.9","61.9","14.8"
"charleston-weather","2026-04-10T00:00:11Z","2026-04-10T00:00","56.9","32.762573","'-79.83892","0","4.1","61","15.2"
"charleston-weather","2026-04-10T00:10:05Z","2026-04-10T00:00","56.9","32.762573","'-79.83892","0","4.1","61","15.2"
"charleston-weather","2026-04-10T00:20:05Z","2026-04-10T00:15","56.1","32.762573","'-79.83892","0","4.3","60.4","16.2"
"charleston-weather","2026-04-10T00:30:09Z","2026-04-10T00:30","56.1","32.762573","'-79.83892","0","4","60.1","15.5"
"charleston-weather","2026-04-10T00:40:05Z","2026-04-10T00:30","56.4","32.762573","'-79.83892","0","4.3","60.7","16.3"
"charleston-weather","2026-04-10T00:50:04Z","2026-04-10T00:45","56","32.762573","'-79.83892","0","4.4","60.4","15.5"
"charleston-weather","2026-04-10T01:00:14Z","2026-04-10T01:00","55.9","32.762573","'-79.83892","0","4.1","60","14.3"
"charleston-weather","2026-04-10T01:10:05Z","2026-04-10T01:00","55.9","32.762573","'-79.83892","0","4.1","60","14.3"
"charleston-weather","2026-04-10T01:20:05Z","2026-04-10T01:15","55.4","32.762573","'-79.83892","0","4.2","59.6","14.3"
"charleston-weather","2026-04-10T01:30:07Z","2026-04-10T01:30","55.4","32.762573","'-79.83892","0","4.1","59.5","14"
"charleston-weather","2026-04-10T01:40:05Z","2026-04-10T01:30","55.4","32.762573","'-79.83892","0","4.1","59.5","14"
"charleston-weather","2026-04-10T01:50:04Z","2026-04-10T01:45","55.1","32.762573","'-79.83892","0","4.2","59.3","14.8"
"charleston-weather","2026-04-10T02:00:21Z","2026-04-10T02:00","55.7","32.762573","'-79.83892","0","3.6","59.3","15.4"
"charleston-weather","2026-04-10T02:10:05Z","2026-04-10T02:00","55.7","32.762573","'-79.83892","0","3.6","59.3","15.4"
"charleston-weather","2026-04-10T02:20:05Z","2026-04-10T02:15","55.5","32.762573","'-79.83892","0","3.8","59.3","16.4"
"charleston-weather","2026-04-10T02:30:08Z","2026-04-10T02:30","55.7","32.762573","'-79.83892","0","3.8","59.5","17.1"
"charleston-weather","2026-04-10T02:40:05Z","2026-04-10T02:30","56","32.762573","'-79.83892","0","3.5","59.5","17.1"
"charleston-weather","2026-04-10T02:50:05Z","2026-04-10T02:45","55.9","32.762573","'-79.83892","0","3.4","59.3","16.6"
"charleston-weather","2026-04-10T03:00:18Z","2026-04-10T03:00","55.9","32.762573","'-79.83892","0","3.2","59.1","16.1"
"charleston-weather","2026-04-10T03:10:05Z","2026-04-10T03:00","55.9","32.762573","'-79.83892","0","3.2","59.1","16.1"
"charleston-weather","2026-04-10T03:20:05Z","2026-04-10T03:15","56.2","32.762573","'-79.83892","0","2.7","58.9","14.8"
"charleston-weather","2026-04-10T03:30:09Z","2026-04-10T03:30","54.7","32.762573","'-79.83892","0","2.7","57.4","13.8"
"charleston-weather","2026-04-10T03:40:05Z","2026-04-10T03:30","54.8","32.762573","'-79.83892","0","2.6","57.4","11.7"
"charleston-weather","2026-04-10T03:50:05Z","2026-04-10T03:45","54.9","32.762573","'-79.83892","0","2.2","57.1","10.9"
"charleston-weather","2026-04-10T04:00:15Z","2026-04-10T04:00","54.9","32.762573","'-79.83892","0","2","56.9","10.9"
"charleston-weather","2026-04-10T04:10:05Z","2026-04-10T04:00","54.9","32.762573","'-79.83892","0","2","56.9","10.9"
"charleston-weather","2026-04-10T04:20:04Z","2026-04-10T04:15","54.6","32.762573","'-79.83892","0","2.2","56.8","11.8"
"charleston-weather","2026-04-10T04:30:10Z","2026-04-10T04:30","54.5","32.762573","'-79.83892","0","2.2","56.7","12"
"charleston-weather","2026-04-10T04:40:06Z","2026-04-10T04:30","54.5","32.762573","'-79.83892","0","2.2","56.7","12"
"charleston-weather","2026-04-10T04:50:05Z","2026-04-10T04:45","54.7","32.762573","'-79.83892","0","2","56.7","11.4"
"charleston-weather","2026-04-10T05:00:12Z","2026-04-10T05:00","54.4","32.762573","'-79.83892","0","2.1","56.5","12.2"
"charleston-weather","2026-04-10T05:10:06Z","2026-04-10T05:00","54.4","32.762573","'-79.83892","0","2.1","56.5","12.2"
"charleston-weather","2026-04-10T05:20:05Z","2026-04-10T05:15","54.6","32.762573","'-79.83892","0","2","56.6","12.1"
"charleston-weather","2026-04-10T05:30:12Z","2026-04-10T05:30","54.3","32.762573","'-79.83892","0","2","56.3","11.6"
"charleston-weather","2026-04-10T05:40:06Z","2026-04-10T05:30","54.4","32.762573","'-79.83892","0","1.9","56.3","11.6"
"charleston-weather","2026-04-10T05:50:05Z","2026-04-10T05:45","54.4","32.762573","'-79.83892","0","1.8","56.2","11.3"
"charleston-weather","2026-04-10T06:00:13Z","2026-04-10T06:00","54.2","32.762573","'-79.83892","0","1.9","56.1","11.4"
"charleston-weather","2026-04-10T06:10:05Z","2026-04-10T06:00","54.2","32.762573","'-79.83892","0","1.9","56.1","11.4"
"charleston-weather","2026-04-10T06:20:05Z","2026-04-10T06:15","53.8","32.762573","'-79.83892","0","2.2","56","12.1"
"charleston-weather","2026-04-10T06:30:12Z","2026-04-10T06:30","54","32.762573","'-79.83892","0","2","56","11.9"
"charleston-weather","2026-04-10T06:40:06Z","2026-04-10T06:30","53.5","32.762573","'-79.83892","0","2.3","55.8","12.6"
"charleston-weather","2026-04-10T06:50:05Z","2026-04-10T06:45","53.7","32.762573","'-79.83892","0","2.2","55.9","12.1"
"charleston-weather","2026-04-10T07:00:18Z","2026-04-10T07:00","53.7","32.762573","'-79.83892","0","2.2","55.9","12.2"
"charleston-weather","2026-04-10T07:10:05Z","2026-04-10T07:00","53.7","32.762573","'-79.83892","0","2.2","55.9","12.2"
"charleston-weather","2026-04-10T07:20:05Z","2026-04-10T07:15","53.7","32.762573","'-79.83892","0","2.2","55.9","12.1"
"charleston-weather","2026-04-10T07:30:09Z","2026-04-10T07:30","53.7","32.762573","'-79.83892","0","2.3","56","12.6"
"charleston-weather","2026-04-10T07:40:05Z","2026-04-10T07:30","53.7","32.762573","'-79.83892","0","2.3","56","12.6"
"charleston-weather","2026-04-10T07:50:05Z","2026-04-10T07:45","53.7","32.762573","'-79.83892","0","2.3","56","12.6"
"charleston-weather","2026-04-10T08:00:17Z","2026-04-10T08:00","53.5","32.762573","'-79.83892","0","2.5","56","13.2"
"charleston-weather","2026-04-10T08:10:05Z","2026-04-10T08:00","53.5","32.762573","'-79.83892","0","2.5","56","13.2"
"charleston-weather","2026-04-10T08:20:05Z","2026-04-10T08:15","53.3","32.762573","'-79.83892","0","2.7","56","14.2"
"charleston-weather","2026-04-10T08:30:09Z","2026-04-10T08:30","53.4","32.762573","'-79.83892","0","2.6","56","13.5"
"charleston-weather","2026-04-10T08:40:05Z","2026-04-10T08:30","52.7","32.762573","'-79.83892","0","2.3","55","11.4"
"charleston-weather","2026-04-10T08:50:05Z","2026-04-10T08:45","52.7","32.762573","'-79.83892","0","2.4","55.1","11.8"
"charleston-weather","2026-04-10T09:00:19Z","2026-04-10T09:00","52.5","32.762573","'-79.83892","0","2.6","55.1","12.9"
"charleston-weather","2026-04-10T09:10:05Z","2026-04-10T09:00","52.5","32.762573","'-79.83892","0","2.6","55.1","12.9"
"charleston-weather","2026-04-10T09:20:05Z","2026-04-10T09:15","52.5","32.762573","'-79.83892","0","2.6","55.1","13.1"
"charleston-weather","2026-04-10T09:30:08Z","2026-04-10T09:30","53.2","32.762573","'-79.83892","0","2.4","55.6","13"
"charleston-weather","2026-04-10T09:40:05Z","2026-04-10T09:30","53.2","32.762573","'-79.83892","0","2.4","55.6","13"
"charleston-weather","2026-04-10T09:50:05Z","2026-04-10T09:45","53.1","32.762573","'-79.83892","0","2.3","55.4","13"
"charleston-weather","2026-04-10T10:00:19Z","2026-04-10T10:00","52.4","32.762573","'-79.83892","0","2.7","55.1","13.9"
"charleston-weather","2026-04-10T10:10:05Z","2026-04-10T10:00","52.4","32.762573","'-79.83892","0","2.7","55.1","13.9"
"charleston-weather","2026-04-10T10:20:05Z","2026-04-10T10:15","52","32.762573","'-79.83892","0","2.9","54.9","14.5"
"charleston-weather","2026-04-10T10:30:09Z","2026-04-10T10:30","51.5","32.762573","'-79.83892","0","3","54.5","14.5"
"charleston-weather","2026-04-10T10:40:05Z","2026-04-10T10:30","51.1","32.762573","'-79.83892","0","2.9","54","13.1"
"charleston-weather","2026-04-10T10:50:05Z","2026-04-10T10:45","50.6","32.762573","'-79.83892","0","3","53.6","13"
"charleston-weather","2026-04-10T11:00:16Z","2026-04-10T11:00","50.1","32.762573","'-79.83892","0","3.2","53.3","13.6"
"charleston-weather","2026-04-10T11:10:05Z","2026-04-10T11:00","50.1","32.762573","'-79.83892","0","3.2","53.3","13.6"
"charleston-weather","2026-04-10T11:20:05Z","2026-04-10T11:15","49.8","32.762573","'-79.83892","0","3.3","53.1","13.3"
"charleston-weather","2026-04-10T11:30:09Z","2026-04-10T11:30","50.5","32.762573","'-79.83892","0","3.2","53.7","12.9"